insert into PROVIDER(ID, NAME) values (1, 'Google');
insert into PROVIDER(ID, NAME) values (2, 'Apple');
insert into PROVIDER(ID, NAME) values (3, 'Samsung');
insert into PROVIDER(ID, NAME) values (4, 'Huawei');
insert into PROVIDER(ID, NAME) values (5, 'Xiaomi');
insert into PROVIDER(ID, NAME) values (6, 'Realmi');
insert into PROVIDER(ID, NAME) values (7, 'Oppo');
insert into PROVIDER(ID, NAME) values (8, 'Vivo');
insert into PROVIDER(ID, NAME) values (9, 'Techno');
insert into PROVIDER(ID, NAME) values (10, 'Infinix');
insert into PROVIDER(ID, NAME) values (11, 'Sony');
insert into [ORDER](ID, PROVIDERID, NUMBER, DATE) values (1, 1, 'Google-1', '2024-08-01 11:30:00');
insert into [ORDER](ID, PROVIDERID, NUMBER, DATE) values (2, 1, 'Google-2', '2024-08-02 07:15:00');
insert into [ORDER](ID, PROVIDERID, NUMBER, DATE) values (3, 1, 'Google-3', '2024-08-02 02:45:00');
insert into [ORDER](ID, PROVIDERID, NUMBER, DATE) values (4, 2, 'Apple-1', '2024-08-01 10:00:00');
insert into [ORDER](ID, PROVIDERID, NUMBER, DATE) values (5, 2, 'Apple-2', '2024-08-02 23:20:00');
insert into [ORDER](ID, PROVIDERID, NUMBER, DATE) values (6, 2, 'Apple-3', '2024-08-03 13:30:00');
insert into ORDERITEM(ORDERID, NAME, QUANTITY, UNIT) values(1, 'Pixel 7', 100, 'item');
insert into ORDERITEM(ORDERID, NAME, QUANTITY, UNIT) values(1, 'Pixel 6', 80, 'item');
insert into ORDERITEM(ORDERID, NAME, QUANTITY, UNIT) values(1, 'Pixel 5', 10, 'item');
insert into ORDERITEM(ORDERID, NAME, QUANTITY, UNIT) values(1, 'Pixel 4', 1, 'item');
insert into ORDERITEM(ORDERID, NAME, QUANTITY, UNIT) values(2, 'Pixel 5', 50, 'item');
insert into ORDERITEM(ORDERID, NAME, QUANTITY, UNIT) values(3, 'Pixel 4', 50, 'item');
insert into ORDERITEM(ORDERID, NAME, QUANTITY, UNIT) values(3, 'Pixel 5', 50, 'item');
insert into ORDERITEM(ORDERID, NAME, QUANTITY, UNIT) values(4, 'IPhone 13 Mini', 150, 'item');
insert into ORDERITEM(ORDERID, NAME, QUANTITY, UNIT) values(4, 'IPhone 13 Pro', 150, 'item');
insert into ORDERITEM(ORDERID, NAME, QUANTITY, UNIT) values(5, 'IPhone 14', 10, 'item');
insert into ORDERITEM(ORDERID, NAME, QUANTITY, UNIT) values(5, 'IPhone 14  Plus', 10, 'item');
insert into ORDERITEM(ORDERID, NAME, QUANTITY, UNIT) values(6, 'IPhone 15 Max Pro', 50, 'item');
insert into ORDERITEM(ORDERID, NAME, QUANTITY, UNIT) values(6, 'IPhone 15 Plus', 50, 'item');
insert into ORDERITEM(ORDERID, NAME, QUANTITY, UNIT) values(6, 'IPhone 15', 50, 'item');
insert into ORDERITEM(ORDERID, NAME, QUANTITY, UNIT) values(6, 'IPhone 14 Pro Max', 50, 'item');